name,price,url
Подвесной светильник Сансет Black,4400,/product/podvesnoj-svetilnik-sanset-black
Торшер Билли Black,15 220,/product/torsher-billi-black
Подвесной светильник Бабл-9,17 320,/product/podvesnoj-svetilnik-babl-9
Торшер Бабл-1,6500,/product/torsher-babl-1
Подвесной светильник Бабл-3,6500,/product/podvesnoj-svetilnik-babl-3
Бра Бабл Black,2090,/product/bra-babl-black
Настольная лампа Дэнди Black,3140,/product/nastolnaya-lampa-dendi-black
Настольная лампа Дэнди White,3140,/product/nastolnaya-lampa-dendi-white
Торшер Варио White,5240,/product/torsher-vario-white
Бра Варио Black,1040,/product/bra-vario-black
Бра Варио White,1040,/product/bra-vario-white
Подвесной светильник Сансет White,4400,/product/podvesnoj-svetilnik-sanset-white
Подвесной светильник Кэндел Black,2830,/product/podvesnoj-svetilnik-kendel-black
Подвесной светильник Кэндел White,2830,/product/podvesnoj-svetilnik-kendel-white
Торшер Вена Beige,10 490,/product/torsher-vena-beige
Настольная лампа Сфера Orange,5240,/product/nastolnaya-lampa-sfera-orange
Торшер Осло Black,16 790,/product/torsher-oslo-black
Подвесной светильник Кая Black,2720,/product/podvesnoj-svetilnik-kaya-black
Торшер Вена Black,10 490,/product/torsher-vena-black
Подвесной светильник Кая White,2720,/product/podvesnoj-svetilnik-kaya-white
Настольная лампа Гровер Glass,4190,/product/nastolnaya-lampa-grover-glass
Настольная лампа Сфера Black,4190,/product/nastolnaya-lampa-sfera-black
Настольная лампа Машрум Grey,4190,/product/nastolnaya-lampa-mashrum-grey
Настольная лампа Спайк Green,1040,/product/nastolnaya-lampa-spajk-green
Настольная лампа Клауд White,12 170,/product/nastolnaya-lampa-klaud-white
Настольная лампа Рэй Black,3140,/product/nastolnaya-lampa-rej-black
Торшер Рэй White,3770,/product/torsher-rej-white
Торшер Рэй Black,5240,/product/torsher-rej-black
Настольная лампа Спайк Orange,830,/product/nastolnaya-lampa-spajk-orange
Подвесной светильник Портланд Black,2720,/product/podvesnoj-svetilnik-portland-black
Настольная лампа Гросс White,3770,/product/nastolnaya-lampa-gross-white
Торшер Мун Black,6290,/product/torsher-mun-black
Торшер Билли White,14 060,/product/torsher-billi-white
Торшер Варио Black,6500,/product/torsher-vario-black
Настольная лампа Раффи Round,5240,/product/nastolnaya-lampa-raffi-round
Торшер Гросс White,6290,/product/torsher-gross-white
Торшер Раффи Round,9970,/product/torsher-raffi-round
Бра Moderli Alina,3560,/product/bra-moderli-alina
Подвесной светильник Маро Green,12 280,/product/podvesnoj-svetilnik-maro-green
Настольная лампа Рэй White,2720,/product/nastolnaya-lampa-rej-white
Бра Tarbes-2,3140,/product/bra-tarbes-2
Светильник потолочный Matthew,5240,/product/svetilnik-potolochnyj-matthew
Настольная лампа Junior-4,3140,/product/nastolnaya-lampa-junior-4
Спот Лайт-1 Black,2510,/product/spot-lajt-1-black
Настольная лампа Junior-3,4070,/product/nastolnaya-lampa-junior-3
Настольная лампа Junior-1,4190,/product/nastolnaya-lampa-junior-1
Подвесной светильник Milligan,5770,/product/podvesnoj-svetilnik-milligan
Подвесной светильник Townshend-4,11 540,/product/podvesnoj-svetilnik-townshend-4
